{
  "world": {
    "taksit_2": 3.359999999999999875655021241982467472553253173828125,
    "taksit_3": 4.0800000000000000710542735760100185871124267578125,
    "taksit_4": 4.79000000000000003552713678800500929355621337890625,
    "taksit_5": 5.5,
    "taksit_6": 6.21999999999999975131004248396493494510650634765625,
    "taksit_7": 6.92999999999999971578290569595992565155029296875,
    "taksit_8": 7.6500000000000003552713678800500929355621337890625,
    "taksit_9": 8.3599999999999994315658113919198513031005859375,
    "taksit_10": 9.07000000000000028421709430404007434844970703125,
    "taksit_11": 9.78999999999999914734871708787977695465087890625,
    "taksit_12": 10.5
  },
  "axess": {
    "taksit_2": 3.359999999999999875655021241982467472553253173828125,
    "taksit_3": 4.0800000000000000710542735760100185871124267578125,
    "taksit_4": 4.79000000000000003552713678800500929355621337890625,
    "taksit_5": 5.5,
    "taksit_6": 6.21999999999999975131004248396493494510650634765625,
    "taksit_7": 6.92999999999999971578290569595992565155029296875,
    "taksit_8": 7.6500000000000003552713678800500929355621337890625,
    "taksit_9": 8.3599999999999994315658113919198513031005859375,
    "taksit_10": 9.07000000000000028421709430404007434844970703125,
    "taksit_11": 9.78999999999999914734871708787977695465087890625,
    "taksit_12": 10.5
  },
  "maximum": {
    "taksit_2": 3.359999999999999875655021241982467472553253173828125,
    "taksit_3": 4.0800000000000000710542735760100185871124267578125,
    "taksit_4": 4.79000000000000003552713678800500929355621337890625,
    "taksit_5": 5.5,
    "taksit_6": 6.21999999999999975131004248396493494510650634765625,
    "taksit_7": 6.92999999999999971578290569595992565155029296875,
    "taksit_8": 7.6500000000000003552713678800500929355621337890625,
    "taksit_9": 8.3599999999999994315658113919198513031005859375,
    "taksit_10": 9.07000000000000028421709430404007434844970703125,
    "taksit_11": 9.78999999999999914734871708787977695465087890625,
    "taksit_12": 10.5
  },
  "cardfinans": {
    "taksit_2": 3.359999999999999875655021241982467472553253173828125,
    "taksit_3": 4.0800000000000000710542735760100185871124267578125,
    "taksit_4": 4.79000000000000003552713678800500929355621337890625,
    "taksit_5": 5.5,
    "taksit_6": 6.21999999999999975131004248396493494510650634765625,
    "taksit_7": 6.92999999999999971578290569595992565155029296875,
    "taksit_8": 7.6500000000000003552713678800500929355621337890625,
    "taksit_9": 8.3599999999999994315658113919198513031005859375,
    "taksit_10": 9.07000000000000028421709430404007434844970703125,
    "taksit_11": 9.78999999999999914734871708787977695465087890625,
    "taksit_12": 10.5
  },
  "paraf": {
    "taksit_2": 3.359999999999999875655021241982467472553253173828125,
    "taksit_3": 4.0800000000000000710542735760100185871124267578125,
    "taksit_4": 4.79000000000000003552713678800500929355621337890625,
    "taksit_5": 5.5,
    "taksit_6": 6.21999999999999975131004248396493494510650634765625,
    "taksit_7": 6.92999999999999971578290569595992565155029296875,
    "taksit_8": 7.6500000000000003552713678800500929355621337890625,
    "taksit_9": 8.3599999999999994315658113919198513031005859375,
    "taksit_10": 9.07000000000000028421709430404007434844970703125,
    "taksit_11": 9.78999999999999914734871708787977695465087890625,
    "taksit_12": 10.5
  },
  "advantage": {
    "taksit_2": 3.359999999999999875655021241982467472553253173828125,
    "taksit_3": 4.0800000000000000710542735760100185871124267578125,
    "taksit_4": 4.79000000000000003552713678800500929355621337890625,
    "taksit_5": 5.5,
    "taksit_6": 6.21999999999999975131004248396493494510650634765625,
    "taksit_7": 6.92999999999999971578290569595992565155029296875,
    "taksit_8": 7.6500000000000003552713678800500929355621337890625,
    "taksit_9": 8.3599999999999994315658113919198513031005859375,
    "taksit_10": 9.07000000000000028421709430404007434844970703125,
    "taksit_11": 9.78999999999999914734871708787977695465087890625,
    "taksit_12": 10.5
  },
  "combo": {
    "taksit_2": 3.359999999999999875655021241982467472553253173828125,
    "taksit_3": 4.0800000000000000710542735760100185871124267578125,
    "taksit_4": 4.79000000000000003552713678800500929355621337890625,
    "taksit_5": 5.5,
    "taksit_6": 6.21999999999999975131004248396493494510650634765625,
    "taksit_7": 6.92999999999999971578290569595992565155029296875,
    "taksit_8": 7.6500000000000003552713678800500929355621337890625,
    "taksit_9": 8.3599999999999994315658113919198513031005859375,
    "taksit_10": 9.07000000000000028421709430404007434844970703125,
    "taksit_11": 9.78999999999999914734871708787977695465087890625,
    "taksit_12": 10.5
  },
  "bonus": {
    "taksit_2": 3.359999999999999875655021241982467472553253173828125,
    "taksit_3": 4.0800000000000000710542735760100185871124267578125,
    "taksit_4": 4.79000000000000003552713678800500929355621337890625,
    "taksit_5": 5.5,
    "taksit_6": 6.21999999999999975131004248396493494510650634765625,
    "taksit_7": 6.92999999999999971578290569595992565155029296875,
    "taksit_8": 7.6500000000000003552713678800500929355621337890625,
    "taksit_9": 8.3599999999999994315658113919198513031005859375,
    "taksit_10": 9.07000000000000028421709430404007434844970703125,
    "taksit_11": 9.78999999999999914734871708787977695465087890625,
    "taksit_12": 10.5
  }
}